City,Month,Ridership (Million),Source,URL
Bengaluru,2023-April,0.96,RCB win: Bengaluru’s Namma Metro records over 9.6 lakh daily ridership - BusinessLine...,https://news.google.com/rss/articles/CBMi6wFBVV95cUxNX2F3bEx4SEs2d2poNkYyT1d1ZGhqNGgyX2ZobnViUWhUNkxyd1VjWkIzbG9DbWV3VHFscXMzam5VbkFlRkRDakhTZ2w4bWJOY0xhUFQ2QnkyWlJsbllMUzY5Qm9ZVUtsZHJNdk15dGZVeG9MRTFRWDhIWDZTMVQzT2FrZ1ZFN1RicXRFRDNJVjZMYnFHaTMycm1zODJxMjIwam1xU0xQZVFucGIwN3Q1S1BvejJVZnU2azlrRjFMVHdzZVpXdFhkZUY5bC1CS1BSSnNGWWpZS1E5bzFjMUNoT3pjbGRuN0kzck1r0gHyAUFVX3lxTE1YWGNENGN4anZMcFNHeVNGZXJBcXhNWnphbm5NWFVVVDM1QzVnVVkxTWt0UWwtY0lxN3lkZVYwNzFlZVFWTGJUYjJBbEVCZHhvWE05ZDc5M0YtWEJiWjZrRmJwRV8xWDlSTUtvam9RRU1VVmNGNnBqRENXeWduY3B1Vll1ZkVNbmVLUENnRjN2dml5U0pVaEFlZ1J2d0RpSHpEQnNYUmpaZklkc1Rmb1ZUNUI4VU9wbm9OZXlpUVYyN3pfcld1akRfRnE0MEN5dFRTejcyaS1MdEVVbVk5LWtlY2NrcVBCcHdZTEJOdVU3SXlB?oc=5
Bengaluru,2023-August,0.9,Bengaluru Metro touches 9 lakh daily ridership mark - Moneycontrol...,https://news.google.com/rss/articles/CBMiqAFBVV95cUxOU3ktMWNBTVhwM0t4RzVNdTA2ck5pcmcwbE5iMG42YlBqa0wycGM2WDhuNm5OSHlDUjRoVlZFdjN4NlllaXBWZHZ5TWNaSVZUNUlKTjdmaHZaNW5NazNXX1NlRDlReUZCTmdJbzZydl93UDhabklvU0I4T25oYUJFSjBXUlJWVFpkRzhUVjVBUnZsZkx5S0pFNG4zc1UzazN5dk1mN3NYRVPSAa4BQVVfeXFMTmU1Ykd5bElTRi1Nd1R6LXFYQVYxUnpDYkwzRnRTQjdZeHJvOGdsMGt5eGtMaU1VWVQ0QTNyU0Z4cV9DVi1Vd2dqbmlkTkZvdm9rVTJNUVVaNEZTRmJUaDFWZzdjd1YwM0dUVWhoOVhfOUZZMmJMSGF3MmlyOFZlcC1zX0NkbGhWQUVMczFoSjBHdDlmWkRlcUNvekVQc0J1OUszX09waXN6UkJJejBB?oc=5
Bengaluru,2023-December,0.75,Bengaluru's Namma Metro hits record daily average ridership of 7.5 lakh passengers in June: Report -...,https://news.google.com/rss/articles/CBMi7wFBVV95cUxNb3c4TjgzbzgtU0wweGhxUmVkdTJXMWp1ZjZScVpsalJrT0VGVzh3WWNfcnYyU19oOFo0S2F4eU5IMHFkNTRFbHhEZUlfUG41bHV1T094bENTM2J5Xzhoc1FJMGxMWVhrbFlZcGNRNXNidXhDblB4akJlUEpvT2pKMGxUTERaN0xjOEpabVFlR2MwVUN0SUxKOGJBN1pCZS1NajJjdkFha0VKWFJtNndtR2hWYVFacnltRjlBQmVPaDdYZ0lucDJQSVRUQVRGTlpnNHVMVmoxeV9ZNkc1cnQzb25TTjdHY1Z5WXNMaTJpdw?oc=5
Bengaluru,2023-February,0.8,Bengaluru Metro ridership falls from 8 lakh to 6 lakh: Report - thefederal.com...,https://news.google.com/rss/articles/CBMiwAFBVV95cUxNR2Q3ejNaU0lfbVR3eUcyVUZxN2ZSZFdQd0FCdTdOOEkxcXJQdmtZcWVna3hxWEFJM05WWGlUdkk4MU96bDRuclpFNm1SNDloeDJNdFJEZDlmUHlDZEdDTzdBcFFRQ0JXNWNMRkFua0lMVEdSLW5sTlZ2Zm51ZWpqcW10TXlLWlpnQkgxUnJRMk9seHNFdkJvTExQNDkxRjV4Z3BTMDB2YXZ5aUZlNlJBbERWUFp2Zl9xdS1qYkM3UEQ?oc=5
Bengaluru,2023-January,2.5,25 lakh+ Metro riders in city opt for QR code tickets - Bangalore Mirror...,https://news.google.com/rss/articles/CBMizwFBVV95cUxOOUlHOHlobUttNk5lN25PZFJRcUkzZEl2cDJkLUwydDRZdjRNcDNJaWdlZW1IY3ZXaUFYaURJTUNkMGlLT2JfU0N0TzR4RlB3dFVpZVlrTjg4NlBkT29BNHMtS3dUdG84QTFIUHZEeTl1bldyalZVTHNQQzJiUlhyaHJnelhnVElmQ1htRzJZMUhRbk5wTmhuWmUxWDk1Ti1keXctNVg3cVVHalRFRTVWd09KaGhTazJlOXhSYjFpR1lTbE0wek5UQURXZFFSUlnSAdQBQVVfeXFMTTJaQWVIRXVOanF4R2duX0JhM25ISWtTV1BXYUdyVTVBVEhoenlYSkt3ZnQwNXFoRGpMY2Z1NGtaMjhQaDBRc1hnaXgyTXVhRmZLX3V3S2VIMkV3SzNRdlBYdkJpWTFhTkxQLTRDWVBCaEJqR3owcEhocnk4ZHFaX0pacWtsdzkyc3ZMT2tyVFZ0YkN6LVNGYnltSjJBcHpiaVNHTjBzQ2NRdVZEYTFGWjctX3RicTVWaTh4R0lTLWNzTWZZcU8wVHNNLVZueHkwQURwLTk?oc=5
Bengaluru,2023-July,0.75,Bengaluru's Namma Metro hits record daily average ridership of 7.5 lakh passengers in June: Report -...,https://news.google.com/rss/articles/CBMi7wFBVV95cUxNb3c4TjgzbzgtU0wweGhxUmVkdTJXMWp1ZjZScVpsalJrT0VGVzh3WWNfcnYyU19oOFo0S2F4eU5IMHFkNTRFbHhEZUlfUG41bHV1T094bENTM2J5Xzhoc1FJMGxMWVhrbFlZcGNRNXNidXhDblB4akJlUEpvT2pKMGxUTERaN0xjOEpabVFlR2MwVUN0SUxKOGJBN1pCZS1NajJjdkFha0VKWFJtNndtR2hWYVFacnltRjlBQmVPaDdYZ0lucDJQSVRUQVRGTlpnNHVMVmoxeV9ZNkc1cnQzb25TTjdHY1Z5WXNMaTJpdw?oc=5
Bengaluru,2023-June,0.96,RCB win: Bengaluru’s Namma Metro records over 9.6 lakh daily ridership - BusinessLine...,https://news.google.com/rss/articles/CBMi6wFBVV95cUxNX2F3bEx4SEs2d2poNkYyT1d1ZGhqNGgyX2ZobnViUWhUNkxyd1VjWkIzbG9DbWV3VHFscXMzam5VbkFlRkRDakhTZ2w4bWJOY0xhUFQ2QnkyWlJsbllMUzY5Qm9ZVUtsZHJNdk15dGZVeG9MRTFRWDhIWDZTMVQzT2FrZ1ZFN1RicXRFRDNJVjZMYnFHaTMycm1zODJxMjIwam1xU0xQZVFucGIwN3Q1S1BvejJVZnU2azlrRjFMVHdzZVpXdFhkZUY5bC1CS1BSSnNGWWpZS1E5bzFjMUNoT3pjbGRuN0kzck1r0gHyAUFVX3lxTE1YWGNENGN4anZMcFNHeVNGZXJBcXhNWnphbm5NWFVVVDM1QzVnVVkxTWt0UWwtY0lxN3lkZVYwNzFlZVFWTGJUYjJBbEVCZHhvWE05ZDc5M0YtWEJiWjZrRmJwRV8xWDlSTUtvam9RRU1VVmNGNnBqRENXeWduY3B1Vll1ZkVNbmVLUENnRjN2dml5U0pVaEFlZ1J2d0RpSHpEQnNYUmpaZklkc1Rmb1ZUNUI4VU9wbm9OZXlpUVYyN3pfcld1akRfRnE0MEN5dFRTejcyaS1MdEVVbVk5LWtlY2NrcVBCcHdZTEJOdVU3SXlB?oc=5
Bengaluru,2023-March,2.5,25 lakh+ Metro riders in city opt for QR code tickets - Bangalore Mirror...,https://news.google.com/rss/articles/CBMizwFBVV95cUxOOUlHOHlobUttNk5lN25PZFJRcUkzZEl2cDJkLUwydDRZdjRNcDNJaWdlZW1IY3ZXaUFYaURJTUNkMGlLT2JfU0N0TzR4RlB3dFVpZVlrTjg4NlBkT29BNHMtS3dUdG84QTFIUHZEeTl1bldyalZVTHNQQzJiUlhyaHJnelhnVElmQ1htRzJZMUhRbk5wTmhuWmUxWDk1Ti1keXctNVg3cVVHalRFRTVWd09KaGhTazJlOXhSYjFpR1lTbE0wek5UQURXZFFSUlnSAdQBQVVfeXFMTTJaQWVIRXVOanF4R2duX0JhM25ISWtTV1BXYUdyVTVBVEhoenlYSkt3ZnQwNXFoRGpMY2Z1NGtaMjhQaDBRc1hnaXgyTXVhRmZLX3V3S2VIMkV3SzNRdlBYdkJpWTFhTkxQLTRDWVBCaEJqR3owcEhocnk4ZHFaX0pacWtsdzkyc3ZMT2tyVFZ0YkN6LVNGYnltSjJBcHpiaVNHTjBzQ2NRdVZEYTFGWjctX3RicTVWaTh4R0lTLWNzTWZZcU8wVHNNLVZueHkwQURwLTk?oc=5
Bengaluru,2023-May,0.83,"Namma Metro news: At 8.26 lakh, Bengaluru metro records highest-ever daily ridership - Deccan Herald...",https://news.google.com/rss/articles/CBMixAFBVV95cUxNM28yQVRmNl9DS0NVcnhualRLanFYQ3RZVi1pSjdRcC1zY3FZUUtqNHYyX3ZCSmRlOHM3bGZqWFIyVzFianRHbW9HUmxkT0JTV2tRc3o4TXg0OVdJZ1I1bDl5bDg3cmcxREEySmJNc3VxNjM3eHc1UjVQU2JRdWZrSjZFT2p2ZW0wZVF3VG5nZEE3czVIN2NINU1CRGloU1F5YnVzVGJNbXVzVWxQcVpUOHJCRm1jYTdoNTJvdDZ2TjRydkhP?oc=5
Bengaluru,2023-November,2.5,25 lakh Namma Metro passengers opt for QR code ticketing in Bengaluru - The Hindu...,https://news.google.com/rss/articles/CBMi1AFBVV95cUxPVEw3emlPdTN3ckR6NkZXRndLX1VtMVAwMHc4Zk9LNTRJMjBKTEZiYjFvRXNtc09abmJFdXpCd2Y4d2NSblB4UEJ2WUQwXzZUTS1COV91S2lRZDRBMHU4VXdjUjRPUXJnekpObUxKajJ0Zi1DRmFWdnhjaHEtSzJqNVZVdjJBalFrR0VXeDVtQ0pISkkwVnVoMmFMc2FoYlpmRjJWdVpwNVZ1ay1ZVUh4MFVBZkJLSER0YlZORmF3MXgzeUZzYkh3OVU4VnpjdUJiVGVSStIB2wFBVV95cUxPRkRVZlh4RWY5dGY4eGY2d1A0cVVWVGdyNVpreGZiWFZaVHhUQ0lHUDlYN3V6T1B2eElURjVpdWlieFNuc1Zha19RWm82eHBfMHhnSktqN2VkTWJVaEV0T3NnbUxQS2dGOHZfcDBnbUtPdWRFNjNwMXBsRzlpVHB4VDZYYlliV1dFeVBGZE5PY2ViWGk5TUd1dkNmR2ZuVURHNUVacGk1d3VXUXR0SlpHaXFkZXJpWURvVmkwTndiNUxRUWtkbklwM2ROb3NCbTdOanRLcTRRNVhPb0U?oc=5
Bengaluru,2023-October,0.92,Bengaluru's Namma Metro ridership hits fresh daily record of 9.17 lakh - Deccan Herald...,https://news.google.com/rss/articles/CBMiywFBVV95cUxQaEZGTUMtUHp0SHY4Q2Ixc2t3SmRfWnkySG5vODhzYmh2bkVmVmlhWjVBMDg3WUVkRElUaFAwdnlRNVI0YzZERF8tT3dGZGI2UG5XOXNNcHRSUmZRLUJLSGhiSWp0ZDNiMFBjdHd1R2VFZm4tYlduMjB5R1lWSnJ1UzNQZDZTc0F1ak02MjBzMEFUNmxFM05mMXMzOFBvZ1RsMjhkbWtfYzFjelhrV2tSWUswR3ZlS0duMTZHdTJzZ3BRZVBpdTg1aDZEaw?oc=5
Bengaluru,2023-September,0.76,Namma Metro's average daily ridership hits fresh high of 7.62 lakh - Deccan Herald...,https://news.google.com/rss/articles/CBMixgFBVV95cUxPSHdWdnNhREQ2b24xRzd6LUtGSWZIWnZZdkpvQ1BQTEx3QnViMk1zbjVHZEx1NDJoQVk3NXFxdkRhTElRMnpoWVJxMFNZODdPQ1RXaFBPa2d5bHBiSlQ0NVdRYUEzUC1ZNWFBcE4wbTFvaG5PX2lSNGZBVjZEeXdvc3BSMWh2aUlobkM4SFJ3YUJycXpfbkwxaUJQS1lmYlI4OTVrdnRUbFBRZlRRSExaR0RlbFlFT0NxbWR3WEhPVGZkSXBDVlE?oc=5
Bengaluru,2024-April,0.91,"Namma Metro Sees 9.08 Lakh Riders, Second-Highest Daily Footfall Post Fare Hike - Deccan Herald...",https://news.google.com/rss/articles/CBMi8AFBVV95cUxOWmV1Q0d1R29HOWdPNUIwTjI3dFZRZHhSd2lnTUF5V2xzeXZORzBlTGhnRjlOOXRQN1NhUjFjTjFzYmxlaEhicDdrcWMtMVdZUEFjX1QyWExSMHNIcDJqTUI4d19ITm1nNnVFSVJwTTVkeHMtaXBxVnhVN1FFMzdkR010SXNFVWV3dnl3VzBnR0w5Z04yRWcyYW1BODc0QmFMcHRGZVBEUW51LUh3NVRkVXdXNk92dm85a3Q5VWNXYzdwSUZDaHcybl9BRjFTOXptTXo5WWxyZ21MaHNJTjVyX3dmOTVBVHVjNnhabk5qQ0g?oc=5
Bengaluru,2024-February,0.91,"Namma Metro Sees 9.08 Lakh Riders, Second-Highest Daily Footfall Post Fare Hike - Deccan Herald...",https://news.google.com/rss/articles/CBMi8AFBVV95cUxOWmV1Q0d1R29HOWdPNUIwTjI3dFZRZHhSd2lnTUF5V2xzeXZORzBlTGhnRjlOOXRQN1NhUjFjTjFzYmxlaEhicDdrcWMtMVdZUEFjX1QyWExSMHNIcDJqTUI4d19ITm1nNnVFSVJwTTVkeHMtaXBxVnhVN1FFMzdkR010SXNFVWV3dnl3VzBnR0w5Z04yRWcyYW1BODc0QmFMcHRGZVBEUW51LUh3NVRkVXdXNk92dm85a3Q5VWNXYzdwSUZDaHcybl9BRjFTOXptTXo5WWxyZ21MaHNJTjVyX3dmOTVBVHVjNnhabk5qQ0g?oc=5
Bengaluru,2024-January,0.92,Bengaluru's Namma Metro ridership hits fresh daily record of 9.17 lakh - Deccan Herald...,https://news.google.com/rss/articles/CBMiywFBVV95cUxQaEZGTUMtUHp0SHY4Q2Ixc2t3SmRfWnkySG5vODhzYmh2bkVmVmlhWjVBMDg3WUVkRElUaFAwdnlRNVI0YzZERF8tT3dGZGI2UG5XOXNNcHRSUmZRLUJLSGhiSWp0ZDNiMFBjdHd1R2VFZm4tYlduMjB5R1lWSnJ1UzNQZDZTc0F1ak02MjBzMEFUNmxFM05mMXMzOFBvZ1RsMjhkbWtfYzFjelhrV2tSWUswR3ZlS0duMTZHdTJzZ3BRZVBpdTg1aDZEaw?oc=5
Bengaluru,2024-June,0.91,"Namma Metro Sees 9.08 Lakh Riders, Second-Highest Daily Footfall Post Fare Hike - Deccan Herald...",https://news.google.com/rss/articles/CBMi8AFBVV95cUxOWmV1Q0d1R29HOWdPNUIwTjI3dFZRZHhSd2lnTUF5V2xzeXZORzBlTGhnRjlOOXRQN1NhUjFjTjFzYmxlaEhicDdrcWMtMVdZUEFjX1QyWExSMHNIcDJqTUI4d19ITm1nNnVFSVJwTTVkeHMtaXBxVnhVN1FFMzdkR010SXNFVWV3dnl3VzBnR0w5Z04yRWcyYW1BODc0QmFMcHRGZVBEUW51LUh3NVRkVXdXNk92dm85a3Q5VWNXYzdwSUZDaHcybl9BRjFTOXptTXo5WWxyZ21MaHNJTjVyX3dmOTVBVHVjNnhabk5qQ0g?oc=5
Bengaluru,2024-March,2.5,25 lakh Namma Metro passengers opt for QR code ticketing in Bengaluru - The Hindu...,https://news.google.com/rss/articles/CBMi1AFBVV95cUxPVEw3emlPdTN3ckR6NkZXRndLX1VtMVAwMHc4Zk9LNTRJMjBKTEZiYjFvRXNtc09abmJFdXpCd2Y4d2NSblB4UEJ2WUQwXzZUTS1COV91S2lRZDRBMHU4VXdjUjRPUXJnekpObUxKajJ0Zi1DRmFWdnhjaHEtSzJqNVZVdjJBalFrR0VXeDVtQ0pISkkwVnVoMmFMc2FoYlpmRjJWdVpwNVZ1ay1ZVUh4MFVBZkJLSER0YlZORmF3MXgzeUZzYkh3OVU4VnpjdUJiVGVSStIB2wFBVV95cUxPRkRVZlh4RWY5dGY4eGY2d1A0cVVWVGdyNVpreGZiWFZaVHhUQ0lHUDlYN3V6T1B2eElURjVpdWlieFNuc1Zha19RWm82eHBfMHhnSktqN2VkTWJVaEV0T3NnbUxQS2dGOHZfcDBnbUtPdWRFNjNwMXBsRzlpVHB4VDZYYlliV1dFeVBGZE5PY2ViWGk5TUd1dkNmR2ZuVURHNUVacGk1d3VXUXR0SlpHaXFkZXJpWURvVmkwTndiNUxRUWtkbklwM2ROb3NCbTdOanRLcTRRNVhPb0U?oc=5
Bengaluru,2024-May,0.92,Bengaluru's Namma Metro ridership hits fresh daily record of 9.17 lakh - Deccan Herald...,https://news.google.com/rss/articles/CBMiywFBVV95cUxQaEZGTUMtUHp0SHY4Q2Ixc2t3SmRfWnkySG5vODhzYmh2bkVmVmlhWjVBMDg3WUVkRElUaFAwdnlRNVI0YzZERF8tT3dGZGI2UG5XOXNNcHRSUmZRLUJLSGhiSWp0ZDNiMFBjdHd1R2VFZm4tYlduMjB5R1lWSnJ1UzNQZDZTc0F1ak02MjBzMEFUNmxFM05mMXMzOFBvZ1RsMjhkbWtfYzFjelhrV2tSWUswR3ZlS0duMTZHdTJzZ3BRZVBpdTg1aDZEaw?oc=5
Delhi,2023-April,7.24,"At 72.38 lakh, Delhi Metro records highest-ever daily ridership on August 13 - The Economic Times...",https://news.google.com/rss/articles/CBMi9AFBVV95cUxPYjA0b3lMYWstTC12dFI1TG9SM2FzNmdnYWpfSVdhRy1kaDlMSkQ2dWM5N3ZUSzdwYk1VUWUxWS1MZDhhX3FncWRoQXp3NmFXV1VDMzFxTWFyQ00wQ3F1WHBpQXBJck1RUzQxYXBibFl5NDA5OXpjRHk1b0k1SDZOSEVGemNHaWcwWU52RDFjUlMwSmdWVmU0a1RtUXlsYkxJVExFRUxXVjNRMWdWN2ZRR2VDSEY0MWh2VWM1OGVpTDF4QWJXSXZ0Sk4wQVRwNDl5OGVSdy05dlc1X2JmZ2dzYU5MNFpBaU9aVmNTYnBMc0Z0S2ZI0gH6AUFVX3lxTFB5bEYxUnhYYmt3d1Z6dk5tU0w2a1lXY3hTRVhsMlRpQ2N6YmlBaWVrdnZlUmZEcFdpQ0ZsTTNZZFNGcUhyVms4TGhUZHNKYkhzRTE5dS04TkM0QmFDeHFmNWsycmg0ME1CQmU3QW0yMDdXREU1enRKbTY0c21UcEZ0ejFrZjBhTjh5ZHFadnYyaHpYQ0ZaTmJRcTl6S0ZlRzJtaG81ZzlaRFF3R25oTEtpc1VTdmNZS0NJMHctT0JPcUlkQW5CYlBBVmxXMFlZS1R6RVR0ZEdEblNhSmFkZzBmakJDTWpacjA2NGwzQmYySHhkRl9VdjBlZVE?oc=5
Delhi,2023-August,7.24,"At 72.38 lakh, Delhi Metro records highest-ever daily ridership on August 13 - The Economic Times...",https://news.google.com/rss/articles/CBMi9AFBVV95cUxPYjA0b3lMYWstTC12dFI1TG9SM2FzNmdnYWpfSVdhRy1kaDlMSkQ2dWM5N3ZUSzdwYk1VUWUxWS1MZDhhX3FncWRoQXp3NmFXV1VDMzFxTWFyQ00wQ3F1WHBpQXBJck1RUzQxYXBibFl5NDA5OXpjRHk1b0k1SDZOSEVGemNHaWcwWU52RDFjUlMwSmdWVmU0a1RtUXlsYkxJVExFRUxXVjNRMWdWN2ZRR2VDSEY0MWh2VWM1OGVpTDF4QWJXSXZ0Sk4wQVRwNDl5OGVSdy05dlc1X2JmZ2dzYU5MNFpBaU9aVmNTYnBMc0Z0S2ZI0gH6AUFVX3lxTFB5bEYxUnhYYmt3d1Z6dk5tU0w2a1lXY3hTRVhsMlRpQ2N6YmlBaWVrdnZlUmZEcFdpQ0ZsTTNZZFNGcUhyVms4TGhUZHNKYkhzRTE5dS04TkM0QmFDeHFmNWsycmg0ME1CQmU3QW0yMDdXREU1enRKbTY0c21UcEZ0ejFrZjBhTjh5ZHFadnYyaHpYQ0ZaTmJRcTl6S0ZlRzJtaG81ZzlaRFF3R25oTEtpc1VTdmNZS0NJMHctT0JPcUlkQW5CYlBBVmxXMFlZS1R6RVR0ZEdEblNhSmFkZzBmakJDTWpacjA2NGwzQmYySHhkRl9VdjBlZVE?oc=5
Delhi,2023-December,355.3,"Chennai Metro News: 35.53 Crore Travellers In 9 Years, 10.52 Crore In 2024 Alone - Check Year-Over-Y...",https://news.google.com/rss/articles/CBMi2gFBVV95cUxQdDFYZ09WZFpycFZqZHlMem5fck9nZnNsNFB2THJBWGdEVVFJclpja0JsbFA0blNNMm9HejZpNkRIVU52alhva3dDdW9PMzI0enFCbUV2ZDc2MFZ0N1d3RkluRlVoNFVESVh5MTlYT3NNRFBxVkFxdDJ1bWVEWEt0X3Y1TzdoendVc01RVlZQTjlFMG9OYjNJNU1TR3FFWFZGWnB1amJBWXZwWEwyNzJFWGZIVlBHU283VHpQajd1dDU0dFk1UERpVV80YzR2VEdUbWp1U01TZkNWQQ?oc=5
Delhi,2023-February,7.2,"At 7.2 million, Delhi Metro records highest-ever daily ridership on Aug 13 - Business Standard...",https://news.google.com/rss/articles/CBMi1AFBVV95cUxQcmJoMmRXWllidUJjLXE1VTV4RjRTWWZ0YVJnODlQRl9TT1l3cDlGcm9tWUNrMmFkeUFuVjZBdkpkYnhtX0lQbEdYSnJ3Rks0UHN0MDNEeUtYdEgwQ3FKd0JDbkw5ajNoaGt4WWhvcmdPOWVZaFY0R2s5cVlCa3oxekF0c3lYVXIzRXJuZnhPLWJYNzFWX1V5OWhfSTVnWnNwU2JFc1VTTkZTLWE5UktzMVlVbGJKLUhSMWROcTQ5eG9JQTRNSlZkQlFfaWhTc2dUYUp5SNIB2gFBVV95cUxPOW5GLXFjNm5DSFpXTk5ldFU1eXZBUHlBUkhlUjNMaFVNZ0IybDNNRE1Dby1QS1JHb0lNSEJueUpXUENobTYzUHZ5cTRqTUlOeVpBeUFvb2ZiQzdESnUyRHR6ZUpTeDd3NGF1SXkyVlE3SGVRbExSRm9Ma29Hb3plekZFOHhoc1BFY2VyUk9UTWl6Z3p0NU5XTUl1d25veFBJSmFzVjNoRDl4c19ZVmE0U2d4UUIydWt1aGN5M3k5cXRJVjFIZlFZeGVrNmhIR2lvalJyMzFPZnJhdw?oc=5
Delhi,2023-January,355.3,"Chennai Metro News: 35.53 Crore Travellers In 9 Years, 10.52 Crore In 2024 Alone - Check Year-Over-Y...",https://news.google.com/rss/articles/CBMi2gFBVV95cUxQdDFYZ09WZFpycFZqZHlMem5fck9nZnNsNFB2THJBWGdEVVFJclpja0JsbFA0blNNMm9HejZpNkRIVU52alhva3dDdW9PMzI0enFCbUV2ZDc2MFZ0N1d3RkluRlVoNFVESVh5MTlYT3NNRFBxVkFxdDJ1bWVEWEt0X3Y1TzdoendVc01RVlZQTjlFMG9OYjNJNU1TR3FFWFZGWnB1amJBWXZwWEwyNzJFWGZIVlBHU283VHpQajd1dDU0dFk1UERpVV80YzR2VEdUbWp1U01TZkNWQQ?oc=5
Delhi,2023-July,7.24,"At 72.38 lakh, Delhi Metro records highest-ever daily ridership on August 13 - The Economic Times...",https://news.google.com/rss/articles/CBMi9AFBVV95cUxPYjA0b3lMYWstTC12dFI1TG9SM2FzNmdnYWpfSVdhRy1kaDlMSkQ2dWM5N3ZUSzdwYk1VUWUxWS1MZDhhX3FncWRoQXp3NmFXV1VDMzFxTWFyQ00wQ3F1WHBpQXBJck1RUzQxYXBibFl5NDA5OXpjRHk1b0k1SDZOSEVGemNHaWcwWU52RDFjUlMwSmdWVmU0a1RtUXlsYkxJVExFRUxXVjNRMWdWN2ZRR2VDSEY0MWh2VWM1OGVpTDF4QWJXSXZ0Sk4wQVRwNDl5OGVSdy05dlc1X2JmZ2dzYU5MNFpBaU9aVmNTYnBMc0Z0S2ZI0gH6AUFVX3lxTFB5bEYxUnhYYmt3d1Z6dk5tU0w2a1lXY3hTRVhsMlRpQ2N6YmlBaWVrdnZlUmZEcFdpQ0ZsTTNZZFNGcUhyVms4TGhUZHNKYkhzRTE5dS04TkM0QmFDeHFmNWsycmg0ME1CQmU3QW0yMDdXREU1enRKbTY0c21UcEZ0ejFrZjBhTjh5ZHFadnYyaHpYQ0ZaTmJRcTl6S0ZlRzJtaG81ZzlaRFF3R25oTEtpc1VTdmNZS0NJMHctT0JPcUlkQW5CYlBBVmxXMFlZS1R6RVR0ZEdEblNhSmFkZzBmakJDTWpacjA2NGwzQmYySHhkRl9VdjBlZVE?oc=5
Delhi,2023-June,7.24,"At 72.38 lakh, Delhi Metro records highest-ever daily ridership on August 13 - The Economic Times...",https://news.google.com/rss/articles/CBMi9AFBVV95cUxPYjA0b3lMYWstTC12dFI1TG9SM2FzNmdnYWpfSVdhRy1kaDlMSkQ2dWM5N3ZUSzdwYk1VUWUxWS1MZDhhX3FncWRoQXp3NmFXV1VDMzFxTWFyQ00wQ3F1WHBpQXBJck1RUzQxYXBibFl5NDA5OXpjRHk1b0k1SDZOSEVGemNHaWcwWU52RDFjUlMwSmdWVmU0a1RtUXlsYkxJVExFRUxXVjNRMWdWN2ZRR2VDSEY0MWh2VWM1OGVpTDF4QWJXSXZ0Sk4wQVRwNDl5OGVSdy05dlc1X2JmZ2dzYU5MNFpBaU9aVmNTYnBMc0Z0S2ZI0gH6AUFVX3lxTFB5bEYxUnhYYmt3d1Z6dk5tU0w2a1lXY3hTRVhsMlRpQ2N6YmlBaWVrdnZlUmZEcFdpQ0ZsTTNZZFNGcUhyVms4TGhUZHNKYkhzRTE5dS04TkM0QmFDeHFmNWsycmg0ME1CQmU3QW0yMDdXREU1enRKbTY0c21UcEZ0ejFrZjBhTjh5ZHFadnYyaHpYQ0ZaTmJRcTl6S0ZlRzJtaG81ZzlaRFF3R25oTEtpc1VTdmNZS0NJMHctT0JPcUlkQW5CYlBBVmxXMFlZS1R6RVR0ZEdEblNhSmFkZzBmakJDTWpacjA2NGwzQmYySHhkRl9VdjBlZVE?oc=5
Delhi,2023-March,9,"Rapid Metro witnesses major spurt in ridership in 2023, revenue rises by 53% - Hindustan Times - Hin...",https://news.google.com/rss/articles/CBMi1AFBVV95cUxPV0o0UVNQQVZ3SkV1MlZ3ODFvelJCbm5tYjh2SVF4dXNjblRDRWdYUXY2dUxMRjZFVWdXQUJJeHNWMU1meDRXY0VTNnJZeVNfWWthbXpiZVoxWFZZVVg3N1BHX2tIa2J1SGREZHVKNXJtMXgtX2tEZDVqR1FxTmZIb0ZLdFdvcmlCc09GNmprUVBnb0JqVnBqTVlNcEMzcWNfUVlkVEt0QmU5aE8tMzZOZkVRWnNjTDBfeVd3YzBVOWZTOWZabmtuTEw0MFZfY2h0LVlHaNIB2gFBVV95cUxOUGlFQXlReWZydE9MNjE3NTA1NVNTZ2FCNzRZa2ZqOTh2SU1qRnRVaHFXQ05nVHVXREFRMWgtUXd1WEYtSlQ3dURWb3JzbHp6bldITHhCWkNtdmxuck5ZdzNya3FRMUJIeUZ4dVczNGxxVkd1aXJEVVdCdDJqbXh3WGJ3Mmc3TnkyLTFZUVQyWjV3eTdQMWxiNV9ScWN5bnhIY1BIbko5N193OWlwSTQwUkJDOFpuTXFIc1pUOXBkQ0JRNl9QRjAxRzZ4VjJ3ZHU2RW5XNFhCLWdNQQ?oc=5
Delhi,2023-May,4,"More riders for Rapid Metro, but its losses mounting too - The Times of India...",https://news.google.com/rss/articles/CBMiygFBVV95cUxQV0VfVTlZVWdpM3RJMmwzNnNvZmlxZG5ra3BrbEszZmtJZm9fMHV4d1FRODJOZG04TnJyZUpxeDF2MkJ1LUhhNlNReTk1eEhpbmNGdjYwUTlTWC1JbWdYNDBCa0FEWWxOQXg0SWx1MTRGOHNDdkpmR0JULUhSZm1kSU1fU1hodUJpQXZFdW96R1dWQUowenV5dXc0S3V4TmpLeDFjM1ZRUlVHa2JsRW9PajJyY1RUUjR3cVVsRU9RcGNUUnJmVmgtbHlR0gHPAUFVX3lxTE9hR28xVkdmN0prNjY5UkNsdU9OczZDUGgxa3NWX3o0eTFYMzZFdjBEN1V1SE4wV2I1M0VJYVJnd1JmQV94eXhrbi16X2Jsbmx4T2FFMmFUS0I4T0J1Ykl3NUh3Rk5ULVVOcjJXUTlscnhRV2VjZE91aGJ4eWd4Yld5WWNwR0NkZGxWclE4ci1RVDg2Y2pBbTlDZEcybmlHaHJfYWtVVGxoYmU4VjNocC1rRW50bE5sSXhvYkdHT1hhZjF5V3FvVkQzczE4MnhVVQ?oc=5
Delhi,2023-November,7.87,"At 78.67 lakh, Delhi Metro records highest-ever daily ridership on November 18 - thepatriot.in...",https://news.google.com/rss/articles/CBMitgFBVV95cUxPXzI0c0c2c0c3cDVodzJGVmZBNWRFcjEzSTB0V0xPZEgyN3BTR3liRWRwa0FBS3NrRUEtbzJYVzBnSnJPZWpSc21jWm1BNjlReDhDd2p3bkRYUTItX3FweWdNVTVDdkxSVWtzTHNMUVNCaGhiZldaNjdoNU5MaDVSU284bjFhbFJpVEp5dnlHNFVDWTlvVHpDV0NPY0Z4N18wTjBLSDFpR1MtRllpUzlhSjBKMDB4d9IBuwFBVV95cUxNTmJfT2tpYzR3ejhoOEJGUzVmM2ZKOGVBLVhXclZHWHJacG1jMUtxMFNKVVh4dTVFYzFYaFE4UUs4NXVycDZZdWdsTFpiUS03VzRjeVNqcHEwRno2SThRc2ZodVdQWkdPUnRMU0VmY0JqU1V5Q1BBS2pmVzB3WW4wb3VWRW44eDJPOU5mMC1aVmZUM3dPcXZKQWpJbEM1ZXhFeTlPX1hmVHUta25ES3A0LXIwS1JXZFhiNERV?oc=5
Delhi,2023-October,4,"Rs 40 lakh, 89 laptops, 193 mobiles - things passengers left in Delhi Metro in 2024 - Telegraph Indi...",https://news.google.com/rss/articles/CBMixwFBVV95cUxQZXJIQk9aNnZ4bUdRS29fRU5zVE9tbFdxR2kxekJDdk41bW04RFpBejVEUjA0TElxa25ieU9SYzJXMzBldW9xclJTeTFYeUpBQ1E5SE8tY2RYaGl0WUtFeG1jcjl5dWd1dkRzaUNfZWVYcVI1NHloeThKZEk5eHpBU1dwYkhjQzdBTl9HRGtHNmFPc0pUYkJHUTBBbGJ1MGttb2xNenM5TzA0ejRrdWF6SzI5TXhQNl9nZmFucGI1cmRkQjlJSXdn0gHMAUFVX3lxTE9kQ0dtd0dvMERKVzJlY1ZRMlRtczR4QzJkSmtwUkdncHZSUlVZTE5Ccl9GQ3M4aFNVMVNUd0FOeFM4bjY2c2tOcHZJT0NmZ3hVZnhZdXFTOEU4NmRlOWxOMW9WUGFKcmNDWS1Iak5qenV5VG56engtcmFMV3Y4OVg5R0dkci13WmpkU3pqSXZHaVpscEVqaXZwT3pCb1U3LUV0VVh4SVdZVWVTVjZYdUZBSHhQUlJOM1E2QkFHSEpRSHpGQXB6Z3RpZDg5Rg?oc=5
Delhi,2023-September,7.75,Delhi Metro records highest-ever daily ridership of 7.748 mn on Aug 20 - Business Standard...,https://news.google.com/rss/articles/CBMi0AFBVV95cUxPQm1VTGlEaWg2SDBFOElJNlBCc2lpVkU2dHZuMGlwVjRxYnduejVLeDZRcHVBRTlVUmVENDFPMHlPdXBhV2JhdFJRM2R5Qi1ILWRKZlBCaElaT28zT3pRbFpHcW5qYkQ2aUhFanFHalB6aGc3VUhaeEEzLUxSY0h0ZW5qaWszRUtVdl8xNm1VZWQ3ZktCbk5FYVJXOVBuSDlmWm9rVmFTbjkwT01ZdG41QnZ5QmVDRXJ0VzV5MjBpY2M5Ujk5V1A5ZURkbkhIdFh50gHWAUFVX3lxTFA3ZHZSV3NUZy1BX25FVVFXd2tqWTRIcVNiNkpua1kwS3AwWlZuOXdaX1hsZGZaT3N1TmtDNzg3b1FKRVNUREhGRTN1aWRMU1ZfXzVWckU3SUJVRjQ5eVgtZmtxOFVTUDZrcXk1MFZ3am13VkQxSVdVcXBnbVdRNWhaMXA0eXAzYTR0SWUzSjJOdG5SVkZuM1lCdHQyWVhpWkgzVWJzZUZySDZFbFNxakowUGsxaVdCVkZPZzkyejREbUdubkd1TUVUbVBMYk5rLWVLbERxVWc?oc=5
Delhi,2024-April,0.29,Maha Mumbai Metro achieves record daily ridership of 2.94 lakh - The Times of India...,https://news.google.com/rss/articles/CBMi0gFBVV95cUxNN3pQUEhlUG4zOGZQNU9odXVlVjlxclpPZmpmeUVxQ2tXeXFSR0M2MzdmWEFtMUJnUVUwMExKVkhvMi04VWdlalJPYUVmLXBiM3NWemhza1BpZDZFaHBuV0ZaUUtQQ1BDWUNZRlc0a1dicFdRQzRKQXk3R2NCTmZqZC1mT2ZvaGtpdVEzWW5PSVM2U05YLUJELVpkcU04dFk3U0x4dnFpbnVMMEpMb2FJdFprZ2E0RG1hcXJyZjA3NERaTUFna1JVZVBtOGJBREdmUWfSAdcBQVVfeXFMTktfT1BwUkhDYWtxaUNLdnFOUmUwV3RzMmdvREpGWGJ0dUEzTTNfU2FubVo2cXVXdFhoRzVnUEhpbmZTU3diSUVXa3J1eDJoZk94VXVkcEhoakR5YVFXY1ZPY0ZwNzgxM3NWYlBhQnJjNVNJcW5KTmdXc19NR29qUmJNSUl1Wkk5aGNhbVpqU3pDaDUyTFpJTU8yTVFwendTd3ZNX2pJYkN0cmlxZENISmlCcVI0ZXBWcVcydGM4ZTF1RjkyUWZlM2llLW9PTEpoYUV5QjI2NUk?oc=5
Delhi,2024-February,7.24,"At 7.238 mn, Delhi Metro set a new record for daily passenger journeys - Business Standard...",https://news.google.com/rss/articles/CBMizwFBVV95cUxNd1NraXpEd2dGTVBLT2FiYWg3ZUl0eHdxYi0zSk5uX3hDS3BmLXU2ekJBN1BkQWpkUGVYT2hubk1ZQzAtOEw0bjdxRVV5NjBpNExadDBrX0lUaUZBcEdERGVMUXhEcXZLWXhNY250N0xhai1icmhyY2FkNHlWZzg4SWJDMkk0ZjBlUEk3Nm4zUGVQaGxHNE5uYW00MklCZktmZWdDcXBybzdGSHFRU1djRHpGZmo3Y3hWSnkxS1llbHM0Q1pYcFlEdlZDNHZBZVnSAdQBQVVfeXFMTlBWSWkydlI3Sllxdnctd2R5M1MyaWMzMlBfMHpnMHVFWEt4RE95cVExQlFZOWdmX3djSnB4Rl9qTjRwRVJBUUVWRzVVRUNOWHhKdGM5MEpqbzJXNk5Ydkw4cEdnRnVWdE9waFdSS3M0VjRUU1ZybjFlcTVWTE5tYnFENTZfUWFDQmVEOFhXNkVYUlNxemRCQ1BVc2trZ2tVMDlJblRfZUVMNGlhLXJ0TV84U0dDVFJ5MkllM1d3NHNZaEo1am1OVVI1LUE3WWpUSVhnc1c?oc=5
Delhi,2024-January,6.7,DMRC records its highest ridership in 6 years. Over 67 lakh people used the metro on Jan 1 - Hindust...,https://news.google.com/rss/articles/CBMi8AFBVV95cUxPMUUzQVd0ZExFZFpIdWZMWm93THV5YW5GTG9aUW9waEVpMXRVV25DcExIN3hhMG5wakdOQ05Rb1hsZ3ZJVjJMR0ZTekFfRUlnLVMwbTdRcDQyTF8tLTlZamxJZnZGbjhnYld3SVB4aHRVLTVkNVVhQTJnZFR4TXpQQ0JsNVh4QjRGWHlSUDZPM25TRWlNcVN1b0djd3g1aW8xZGxQRS05T1RWWDJUT281QURFa1FfdExqR0xYU3hSWXJaekQ0UUx1SU90UzhIT0RSWVYtZVZHZUhzVzhuNlN6MS1HQ29uODJXa2piTnZfV3M?oc=5
Delhi,2024-June,0.29,Maha Mumbai Metro achieves record daily ridership of 2.94 lakh - The Times of India...,https://news.google.com/rss/articles/CBMi0gFBVV95cUxNN3pQUEhlUG4zOGZQNU9odXVlVjlxclpPZmpmeUVxQ2tXeXFSR0M2MzdmWEFtMUJnUVUwMExKVkhvMi04VWdlalJPYUVmLXBiM3NWemhza1BpZDZFaHBuV0ZaUUtQQ1BDWUNZRlc0a1dicFdRQzRKQXk3R2NCTmZqZC1mT2ZvaGtpdVEzWW5PSVM2U05YLUJELVpkcU04dFk3U0x4dnFpbnVMMEpMb2FJdFprZ2E0RG1hcXJyZjA3NERaTUFna1JVZVBtOGJBREdmUWfSAdcBQVVfeXFMTktfT1BwUkhDYWtxaUNLdnFOUmUwV3RzMmdvREpGWGJ0dUEzTTNfU2FubVo2cXVXdFhoRzVnUEhpbmZTU3diSUVXa3J1eDJoZk94VXVkcEhoakR5YVFXY1ZPY0ZwNzgxM3NWYlBhQnJjNVNJcW5KTmdXc19NR29qUmJNSUl1Wkk5aGNhbVpqU3pDaDUyTFpJTU8yTVFwendTd3ZNX2pJYkN0cmlxZENISmlCcVI0ZXBWcVcydGM4ZTF1RjkyUWZlM2llLW9PTEpoYUV5QjI2NUk?oc=5
Delhi,2024-March,6,"Delhi Metro’s daily ridership soars to 60 lakh, receives ?500 crore in 2024-25 Budget - CNBC TV18...",https://news.google.com/rss/articles/CBMixwFBVV95cUxORFZmMHgxNXl0OV9JcTVnTm9pV1NwU1NJSGlYNUlLZk5SR2JvbGJ1VDdpTzBWaVVVVXF6LXhtcEFITjVRTGxwM21PWTlWY3E4YmZBQVZOWmNXbHdKZ0kzRndSakMyUkVoSXI1dTR3akxyak1WNDFtVjh5WkRvcWYzRzJtYnd5X05BTGU2NVB3OW9pOW1oaWw0RFViV3BhX3l5MEYzd3o4RktOOEZSS1pHdWJzMi1lby1sS1ZzLTFWelRuV0o5blJB0gHMAUFVX3lxTFBDUzRLS2VCcUZUa0oyUjlTbVUwNUJHVFJ3d01hRVYxZnR2dVltYjg4NmFUMEZIak9ybGotZ3Z6TjBhWllka0dpX0dHOHNoeEtEZk1XN0QwODdTQjBqTkUtbXJvbXE2dktTczNDWnMyaGswb2ZSU2JCQWJxZ3FxLVFfYk9rdjVkSDNBMUhWVEFGT2psOEFKRC1aLVVqc0hPSnpoNHhuS1BTSlZaSm5faGkwelNVa2VJMGM4SnpnU2x1SzJVdlZIQnRNZ3l1Uw?oc=5
Delhi,2024-May,4,"What Delhi Metro passengers forgot in 2024: Rs 40 lakh in cash, 89 laptops & more - The Economic Tim...",https://news.google.com/rss/articles/CBMioAJBVV95cUxOa0hXc0JreDFvYlFfdXdoSllmb0xPWHpfUFZmNm9VTDVkZ2xxdGVQaUp5a0JfcTdLUUVMclhzcG8ybGdNdDVfWGJGdENGMmZsVGNkdHNCOXVHQUhhOWVPcjBwR28yWUt0MVNUNUlkMjVsYnQwVU80cEdiTU84OEs2RXotc3FKb0NuQkdwZmtyR0ZGOHcwdzM5RHpVT2trWUVvNXhDWmVEalhvblN5eXBBQnFrdkxNX0lqYmxHbHAzVm5qUTdtY1E3bVViWU5QanVVZkhORk5HZTVkcEd1U3pPWUpJcnlzUmVZLWpwWWM3Tk5JMmlkLU5rSmh0U1l1bTRTdG9UYk1PejViLWx4VElETlVORmVwQ19IdzJvUjM1VFA?oc=5
Mumbai,2023-April,0.29,Maha Mumbai Metro achieves record daily ridership of 2.94 lakh - The Times of India...,https://news.google.com/rss/articles/CBMi0gFBVV95cUxNN3pQUEhlUG4zOGZQNU9odXVlVjlxclpPZmpmeUVxQ2tXeXFSR0M2MzdmWEFtMUJnUVUwMExKVkhvMi04VWdlalJPYUVmLXBiM3NWemhza1BpZDZFaHBuV0ZaUUtQQ1BDWUNZRlc0a1dicFdRQzRKQXk3R2NCTmZqZC1mT2ZvaGtpdVEzWW5PSVM2U05YLUJELVpkcU04dFk3U0x4dnFpbnVMMEpMb2FJdFprZ2E0RG1hcXJyZjA3NERaTUFna1JVZVBtOGJBREdmUWfSAdcBQVVfeXFMTktfT1BwUkhDYWtxaUNLdnFOUmUwV3RzMmdvREpGWGJ0dUEzTTNfU2FubVo2cXVXdFhoRzVnUEhpbmZTU3diSUVXa3J1eDJoZk94VXVkcEhoakR5YVFXY1ZPY0ZwNzgxM3NWYlBhQnJjNVNJcW5KTmdXc19NR29qUmJNSUl1Wkk5aGNhbVpqU3pDaDUyTFpJTU8yTVFwendTd3ZNX2pJYkN0cmlxZENISmlCcVI0ZXBWcVcydGM4ZTF1RjkyUWZlM2llLW9PTEpoYUV5QjI2NUk?oc=5
Mumbai,2023-August,0.47,Mumbai Metro 3 ridership crosses 4.7 lakh in 10 days - urbanacres.in...,https://news.google.com/rss/articles/CBMigAFBVV95cUxPOXRFRncxdVhNdF9wUWNYZFg5TG1ZUWpmenVqT1dMX0tESzVJaHRqS1U5SEZILXdxazQ2eU5QdlNkeF9Ld09zeVBmc1N3a2tJc3BmY3lnN0NPbDBxTjM2Y3NIQUNXek92d3VEMFgtN25GRmhyZWFLck5PLVFPazlVLQ?oc=5
Mumbai,2023-December,0.13,1.3 lakh passengers took Kochi Metro on New Year's Eve; record ridership in December - The New India...,https://news.google.com/rss/articles/CBMi1gFBVV95cUxQR2JrTi1iQWpsY2RqNWx4M3BsWmp0UklYR2RPcFotYk5YWlBSOFpDbWxON0NhVDhic3MtUFNzaVB0RDZ5NFFzbjRjWmdwY0pVMEwzS1p3VExUSFJPZHNuZXUzdkpTVkY4VHE0UHlSZVVvMGpwOGhuVWM3cDRySjA3QjNzNHNJUTFibDJrX3p6cHB6X2NnY1FLUHI1VzRuTUVqVm1uYVlvMXp1QWstY1BfSDAwSkV6eENlclB2dW80b3VITkljR1ZVSkRyMzVnbU1KdWNBa0pn0gHjAUFVX3lxTE5kbnV1MFBoOWtXNHlzZ1JyUE5qcTJIaHV5d01KRWhRTm1GanFYaTJYbHdCcmR1VWFuVUJUdlRjOV84TU9nN0luZUlmXzg5RUdCaGx4S0R0cHJjd2tOOE5VZW44T0k1YjZoX0d4NE9uRGtlTzJndnpFSWVhYzhmd0hnMjh1bnBIUzZLQ0xnU1JYQzBJOGItN2JhSklCcGptaEJEdThtYnJUc2JKVm5jSDB6eno5TTM3QXNRVUc1anhtUVE0YWRaZEhKUGUxNmpMNk4wZXkwZWJkdWY3aVBOeVhUNEx3?oc=5
Mumbai,2023-February,9,Only 46 Passengers/Service Reported On Mumbai Metro 3 Between Ocobert To February - Trak.in...,https://news.google.com/rss/articles/CBMiqgFBVV95cUxPUnJ6NkZEbFhBMUFnLU9mNDkxUk1oVEF1eGl6OTlvN000YUtMLS1OWkhnLWFfaHI0Rmg5c1RKMWdjU1VaOHc2dEdtX3IyMldvMm5iY25kRjB6aU45M05GcW1DaVJNNF96MExrV1JPLXdJY0NKOExRNnh1UDNtSjBmLVZ0c2pmY0U1WGU1aHk3V1ZudnVXVmNrbDE3SmhDS2k5RnQ4ckFPaExFUQ?oc=5
Mumbai,2023-January,0.29,Mumbai Metro Line 2A And 7: MMMOCL Achieves Highest Single-Day Ridership Of Over 2.92 Lakh - Free Pr...,https://news.google.com/rss/articles/CBMixgFBVV95cUxQSjNDM2JiX0puU3RnN3NNOHJBNFIxR05xOC1JMFRTSkFvSFZRejFsTUMyZldSN0FELTl5OTg4X3ZOT2RHSE9UWUtNQkxBejl0X2NLb09uUVNnbDl2V0R3VlU1a3ZQdF9mdFJDa3BSUHR6Z3VqaERtOUtRVU5qb094Y3ZFMnpUcXpCbFlWaFVhOENjTXZ4VmpEQ2hQNUFPbjNyR3lNakFwNUxJaTZfb2Z6RlA1UlVWaGhQcHhobFk4SHBXTldabWfSAcsBQVVfeXFMUGZmY1F6QXpjejh4Sl9uZ0FmOEcyWXdhR0hmTDVZZFBxVTdnd1pkYXVWM1hSUXg5ZGMxdk4tSF84REF6bXR1cF8ycFF2bFdOcVFkeVdOeTZQRS1PUUFOYTYtWFVzbXduUENHYlZzVGp2SVlac3JkLUhPdHFXLUVoWkV1aTI4VVRBWEFPbGZHMkNkMmJYdUV0WHowWEtfVDZtM0NZQWw4SS0tczVOR2pjUHctNE02cWxmcGlCallwcTQxcTUzdWZRTGNuYm8?oc=5
Mumbai,2023-July,0.29,Maha Mumbai Metro achieves record daily ridership of 2.94 lakh - The Times of India...,https://news.google.com/rss/articles/CBMi0gFBVV95cUxNN3pQUEhlUG4zOGZQNU9odXVlVjlxclpPZmpmeUVxQ2tXeXFSR0M2MzdmWEFtMUJnUVUwMExKVkhvMi04VWdlalJPYUVmLXBiM3NWemhza1BpZDZFaHBuV0ZaUUtQQ1BDWUNZRlc0a1dicFdRQzRKQXk3R2NCTmZqZC1mT2ZvaGtpdVEzWW5PSVM2U05YLUJELVpkcU04dFk3U0x4dnFpbnVMMEpMb2FJdFprZ2E0RG1hcXJyZjA3NERaTUFna1JVZVBtOGJBREdmUWfSAdcBQVVfeXFMTktfT1BwUkhDYWtxaUNLdnFOUmUwV3RzMmdvREpGWGJ0dUEzTTNfU2FubVo2cXVXdFhoRzVnUEhpbmZTU3diSUVXa3J1eDJoZk94VXVkcEhoakR5YVFXY1ZPY0ZwNzgxM3NWYlBhQnJjNVNJcW5KTmdXc19NR29qUmJNSUl1Wkk5aGNhbVpqU3pDaDUyTFpJTU8yTVFwendTd3ZNX2pJYkN0cmlxZENISmlCcVI0ZXBWcVcydGM4ZTF1RjkyUWZlM2llLW9PTEpoYUV5QjI2NUk?oc=5
Mumbai,2023-June,0.29,Maha Mumbai Metro achieves record daily ridership of 2.94 lakh - The Times of India...,https://news.google.com/rss/articles/CBMi0gFBVV95cUxNN3pQUEhlUG4zOGZQNU9odXVlVjlxclpPZmpmeUVxQ2tXeXFSR0M2MzdmWEFtMUJnUVUwMExKVkhvMi04VWdlalJPYUVmLXBiM3NWemhza1BpZDZFaHBuV0ZaUUtQQ1BDWUNZRlc0a1dicFdRQzRKQXk3R2NCTmZqZC1mT2ZvaGtpdVEzWW5PSVM2U05YLUJELVpkcU04dFk3U0x4dnFpbnVMMEpMb2FJdFprZ2E0RG1hcXJyZjA3NERaTUFna1JVZVBtOGJBREdmUWfSAdcBQVVfeXFMTktfT1BwUkhDYWtxaUNLdnFOUmUwV3RzMmdvREpGWGJ0dUEzTTNfU2FubVo2cXVXdFhoRzVnUEhpbmZTU3diSUVXa3J1eDJoZk94VXVkcEhoakR5YVFXY1ZPY0ZwNzgxM3NWYlBhQnJjNVNJcW5KTmdXc19NR29qUmJNSUl1Wkk5aGNhbVpqU3pDaDUyTFpJTU8yTVFwendTd3ZNX2pJYkN0cmlxZENISmlCcVI0ZXBWcVcydGM4ZTF1RjkyUWZlM2llLW9PTEpoYUV5QjI2NUk?oc=5
Mumbai,2023-March,0.48,Mumbai Metro One Sets New Record For Daily Ridership With 4.79 Lakh Commuters On Sept 27 - Free Pres...,https://news.google.com/rss/articles/CBMixAFBVV95cUxQNkdEeUR2Q3dNQ2VDX3RlRTYyYmlFdmtLZjc3bzdRRUhQZGxFcElHQkJXTVl5eldNWHlYWUc0aDJHVzRzRUd5YXFJa2VuODZHVGVJVUdpSHJ3R1QzTUlocWh3R0RmY0t4N0lJeTZqdDNtZnRWMXd3U0ZnVHg5Z0pnOGVjUTZzUlNGMGVKQXdWZk5saUtycjRyYXpOMXJPckt0UWstUjFDbFM0TUtQckQtZExfWlMtd0Y1NHcxWGl0T3ZRWnVa0gHKAUFVX3lxTE5RR3RDWXFKVTVrRDkwdlVnaGh1NV81ZkVMcGE0NEp0ODE0STJCMi1BQnhCdGp4RkVLVTJPNktPYk05S0FzeFAzNVNEVG4wOWNPbmVoRGxyMExZRGIxTFNCeGg4SHBvX2w1NlN3aTQ3cDEyNVRXN012Z0FkQlVZQVl5dHhfaU5HRG1XeXlaZXB1eEZLVWZCVXBpTHdxTFR5MGtfemRNbXNVaWV2TTczVG1QUENzdGkyQUhQeUIwTVh5dUVFTk1SbTdXcnc?oc=5
Mumbai,2023-May,0.47,Mumbai Metro 3 ridership crosses 4.7 lakh in 10 days - urbanacres.in...,https://news.google.com/rss/articles/CBMigAFBVV95cUxPOXRFRncxdVhNdF9wUWNYZFg5TG1ZUWpmenVqT1dMX0tESzVJaHRqS1U5SEZILXdxazQ2eU5QdlNkeF9Ld09zeVBmc1N3a2tJc3BmY3lnN0NPbDBxTjM2Y3NIQUNXek92d3VEMFgtN25GRmhyZWFLck5PLVFPazlVLQ?oc=5
Mumbai,2023-November,4.77,"Mumbai International Airport Reported A Footfall Of 4.77 Million Passengers In Nov; Delhi, Bengaluru...",https://news.google.com/rss/articles/CBMi5gFBVV95cUxPdEd1c2p6RHB6eFNrb0VUM19qTmRVUEF3RkhZSHhzM2JoLVV5aUdMM0NzM0JMWVBNMUVfZGExRzhIQWkyRFVWYXpyQ1NlbExZUlpBZ0V4SE12MnQ2NmVvMnR0RDRHbXF4dGdRSE50TFpFNG5wYjhOSUtEbC1TQmlydWJ4UWJsWGhBblNlMDdWNWpJdXVLcDR0T3A2Ykwycm1GaEJlRnR1NjJTMzJfeGNaQ25tQXd2aC1yOVg1d19JUzdPQTNfSEtHSUsxYkFaY2t4Wm5yNU5aTTY4NjBDZWhRWV9sRFp6Z9IB6wFBVV95cUxPN1RVU1NkX3BPRno5OGQ2dDROUzd0d1YyOVpxb2thaVY5QkpudG1ZUjhVb1lKb2tNUzUxd25qREJvaUpucDJhNE9UMzdvbTNaZ0lUVy1ncW15MmtycGhqY3F6ZlFjc01GQ25ySlhWbnZ4V1hGSzN2RzFfbFlJZVo2dTJVYm9iQ01fcDlIRWFSZWFaNU9vQXNoMHB0bnViNDhGWlJ5NUlrN2JLM1d5Y0d3Uk5NbGVlVll3X1l0QmZ5YlBFV0c3MExzU3loT0FvbmVVQ1MzTkpuemNzQlp0OE9WMjF2SFlJdy03b29J?oc=5
Mumbai,2023-October,0.47,Mumbai Metro 3 ridership crosses 4.7 lakh in 10 days - urbanacres.in...,https://news.google.com/rss/articles/CBMigAFBVV95cUxPOXRFRncxdVhNdF9wUWNYZFg5TG1ZUWpmenVqT1dMX0tESzVJaHRqS1U5SEZILXdxazQ2eU5QdlNkeF9Ld09zeVBmc1N3a2tJc3BmY3lnN0NPbDBxTjM2Y3NIQUNXek92d3VEMFgtN25GRmhyZWFLck5PLVFPazlVLQ?oc=5
Mumbai,2023-September,0.29,Mumbai: Metro Hits New High with 2.87 Lakh Passengers on Andheri-Dahisar Routes - lokmattimes.com...,https://news.google.com/rss/articles/CBMiugFBVV95cUxOTDJRdGc4cVcxTWFKYmZZMzBWSDRNbi1kaHl2ZTFkMHNDbWlWaS1MVTB2TE9qblMwbmlMaEQtYS1YSDlPbUR4RTBzOW53WnBnOU1Majg0UDF3b25Sd2sxUnNVdkdYVU9KYnZmZHVRM0Z0ZWtycTExclNKOUYwdnFZdjdBR21ZSjZraEdNSE0tRk9ZVm1PTFBHZUN4alMyUW9ZTE90aEc3R1lfMktKQzZVWm1XTlFQVUZaWEE?oc=5
Mumbai,2024-April,0.29,Maha Mumbai Metro achieves record daily ridership of 2.94 lakh - The Times of India...,https://news.google.com/rss/articles/CBMi0gFBVV95cUxNN3pQUEhlUG4zOGZQNU9odXVlVjlxclpPZmpmeUVxQ2tXeXFSR0M2MzdmWEFtMUJnUVUwMExKVkhvMi04VWdlalJPYUVmLXBiM3NWemhza1BpZDZFaHBuV0ZaUUtQQ1BDWUNZRlc0a1dicFdRQzRKQXk3R2NCTmZqZC1mT2ZvaGtpdVEzWW5PSVM2U05YLUJELVpkcU04dFk3U0x4dnFpbnVMMEpMb2FJdFprZ2E0RG1hcXJyZjA3NERaTUFna1JVZVBtOGJBREdmUWfSAdcBQVVfeXFMTktfT1BwUkhDYWtxaUNLdnFOUmUwV3RzMmdvREpGWGJ0dUEzTTNfU2FubVo2cXVXdFhoRzVnUEhpbmZTU3diSUVXa3J1eDJoZk94VXVkcEhoakR5YVFXY1ZPY0ZwNzgxM3NWYlBhQnJjNVNJcW5KTmdXc19NR29qUmJNSUl1Wkk5aGNhbVpqU3pDaDUyTFpJTU8yTVFwendTd3ZNX2pJYkN0cmlxZENISmlCcVI0ZXBWcVcydGM4ZTF1RjkyUWZlM2llLW9PTEpoYUV5QjI2NUk?oc=5
Mumbai,2024-February,1,"With fewer than 20k daily passengers, Mumbai Metro 3 falls 95% short of 400k ridership projection - ...",https://news.google.com/rss/articles/CBMiyAFBVV95cUxPUW9DUGduei1mNXJQX0lzZEFuUkpJZndoV1c4ZmpXdVhySHBPUXRNUFVQTjcyU2FpZEhpYzRuSE9iSlVZS09FcTA0NWxwcXhsdDNqLWtXMll3Z2p5R2VuMldjUEl3Qm1lTG5UNUQwZ1AtbmlUNDdncmZxRnBfbFdGMTN2c0RtOUE5YUR2Vzl6OGEteDkzQVlFeWRqNmNPM2w4MWpHV1IyWlVIMnpDU0tsYmRqWnNsQnRqODg2TUd1a0lmWl9PU3RBatIB1gFBVV95cUxOeS12ZWdQWEY4MUQwUjhPb1RpXzZ3cDhFRmtZQWp3ZVBmRmpLNVoyekp5aW0zaU1nRkxhZDhDZnVJb1MtWk05elJIVF9wYm1hcEd2RmZnT0JycC1UZVpiTGpuc3RCaXJkVlNYLXluQkY4bjdHWGlxZU5idXg2UGJTLUk3VmtKN2o0a0Q2Ni1mWExGWmFhUXFlUEtTSmtaSkozOHRmUW5ZRWNKMVhMN3VGX0RkemtyS1ZVWUNmc0dsWFBUVnotLXJJSTlXVFZJcGczbGJyM2lR?oc=5
Mumbai,2024-January,355.3,"Chennai Metro News: 35.53 Crore Travellers In 9 Years, 10.52 Crore In 2024 Alone - Check Year-Over-Y...",https://news.google.com/rss/articles/CBMi2gFBVV95cUxQdDFYZ09WZFpycFZqZHlMem5fck9nZnNsNFB2THJBWGdEVVFJclpja0JsbFA0blNNMm9HejZpNkRIVU52alhva3dDdW9PMzI0enFCbUV2ZDc2MFZ0N1d3RkluRlVoNFVESVh5MTlYT3NNRFBxVkFxdDJ1bWVEWEt0X3Y1TzdoendVc01RVlZQTjlFMG9OYjNJNU1TR3FFWFZGWnB1amJBWXZwWEwyNzJFWGZIVlBHU283VHpQajd1dDU0dFk1UERpVV80YzR2VEdUbWp1U01TZkNWQQ?oc=5
Mumbai,2024-June,0.29,Maha Mumbai Metro achieves record daily ridership of 2.94 lakh - The Times of India...,https://news.google.com/rss/articles/CBMi0gFBVV95cUxNN3pQUEhlUG4zOGZQNU9odXVlVjlxclpPZmpmeUVxQ2tXeXFSR0M2MzdmWEFtMUJnUVUwMExKVkhvMi04VWdlalJPYUVmLXBiM3NWemhza1BpZDZFaHBuV0ZaUUtQQ1BDWUNZRlc0a1dicFdRQzRKQXk3R2NCTmZqZC1mT2ZvaGtpdVEzWW5PSVM2U05YLUJELVpkcU04dFk3U0x4dnFpbnVMMEpMb2FJdFprZ2E0RG1hcXJyZjA3NERaTUFna1JVZVBtOGJBREdmUWfSAdcBQVVfeXFMTktfT1BwUkhDYWtxaUNLdnFOUmUwV3RzMmdvREpGWGJ0dUEzTTNfU2FubVo2cXVXdFhoRzVnUEhpbmZTU3diSUVXa3J1eDJoZk94VXVkcEhoakR5YVFXY1ZPY0ZwNzgxM3NWYlBhQnJjNVNJcW5KTmdXc19NR29qUmJNSUl1Wkk5aGNhbVpqU3pDaDUyTFpJTU8yTVFwendTd3ZNX2pJYkN0cmlxZENISmlCcVI0ZXBWcVcydGM4ZTF1RjkyUWZlM2llLW9PTEpoYUV5QjI2NUk?oc=5
Mumbai,2024-March,3.67,"Pune Metro Ridership Soars to 36.7 Lakh in August, Revenue Hits ?5.79 Crore - Free Press Journal...",https://news.google.com/rss/articles/CBMirAFBVV95cUxOQlFhR1lHNTBFbU1MRGlZdmw5NTR6Y2xBNDJTUFRWTnE1Um42Njl2LW9Rd3VHOGlWTWxzaFlKY3ZPcW92VGtTUUlfYndOdHdTaTFOVVktVW5pdnhaR1hxSkxXODZRV1Q1Zk1wTHdkUXRiOFprNElVS1B2Y2phZE0yVXFZcmhkRENtR0o1d3k4MXIweWpGUnBjdW5rTFhnbHBhSnBiVjQwWksteTB50gGyAUFVX3lxTE4tajJlWnQtZ1BIbm8wMG1jdFEtMVY5bW1EYkNpVVBXd3ZDSGNwZExlTGhsNkJpYkpZVTdlQkFDSjFWOTgyQURqOG5mRGhXd2phMTZ3eDU4WXM4NXo3Y2s3aGtjYW41d2xoeWxtTVJoMnluTVowTUpUekZGSUt6TDBOcW1IN0U3VFRIcmVQNG1LSmNjLXpHWnc5ZU5CaHlmalA3S3JqTHYwWGJ1UzViTThBWWc?oc=5
Mumbai,2024-May,100,Mumbai Metro's Lines 2A and 7 reach combined ridership of 100 million | Know routes & more - Knockse...,https://news.google.com/rss/articles/CBMiuwFBVV95cUxNNEhrNVY4d193UlIxYUFMSWNNRVd0NjlsUllldl8zbGVxeFM4dzBUelU3dU05LUVib0F5Slc2X1NUZUpLU29PcVk4RUFGYnBCM0IyclM0RDRPOTVxSl9SQ0FRajFhLUkwSW5Bd01iUFI1LWFVVGthOHFtQm9NbDdvZ1U4YVlDU0h6ZjRwVGdwWVhyZG5TX3lnclpscmRNejJoOGhyYU85WWJuQnBnTFlxUzUtaW9tcVE1aHc40gHIAUFVX3lxTE4xS3h3RklheHZzVVNyRTI1UzNxc0hxV2EwYmVienIxTng2SnhBaFlrSnZpSXpSU05EWmt0dWhJZmx2bXdmSGJvMUl6S00xNTF3MUViSlV4QkVuZDY3eC04NFgyb0llTktrTFBGVHdLZVowQ196RzgzcF9SOUhXX3hESENMb2tnRDliX0drc1dyYk9leV9zVlVHUDZULU9ZOWNwYWZVemJPQVdjaVB5ejVkTUNTSl9OWTFuOC1sYzhYZlQ5dHkwSldf?oc=5
